{"cameraMode":{"drawMode":0,"name":"Shaded","section":"Shading Mode"},"sceneLighting":true,"audioPlay":false,"sceneViewState":{"showFog":true,"showMaterialUpdate":true,"showSkybox":true,"showFlares":true,"showImageEffects":true,"showParticleSystems":true},"in2DMode":false,"pivot":{"x":3.8151261806488039,"y":0.9684621095657349,"z":3.809025764465332},"rotation":{"x":0.20143213868141175,"y":0.3656845986843109,"z":-0.08139023929834366,"w":0.9050296545028687},"size":7.029585838317871,"orthographic":false}