{"cameraMode":{"drawMode":0,"name":"Shaded","section":"Shading Mode"},"sceneLighting":true,"audioPlay":false,"sceneViewState":{"showFog":true,"showMaterialUpdate":true,"showSkybox":true,"showFlares":true,"showImageEffects":true,"showParticleSystems":true},"in2DMode":false,"pivot":{"x":70.18701171875,"y":-14.309011459350586,"z":67.95555114746094},"rotation":{"x":0.2539087235927582,"y":0.376604288816452,"z":-0.10812561959028244,"w":0.8843177556991577},"size":182.04421997070313,"orthographic":false}