{"cameraMode":{"drawMode":2,"name":"Shaded Wireframe","section":"Shading Mode"},"sceneLighting":true,"audioPlay":false,"sceneViewState":{"showFog":true,"showMaterialUpdate":true,"showSkybox":true,"showFlares":true,"showImageEffects":true,"showParticleSystems":true},"in2DMode":false,"pivot":{"x":3.5539259910583498,"y":3.9556632041931154,"z":3.033247470855713},"rotation":{"x":0.22425706684589387,"y":0.40181082487106326,"z":-0.10217119753360748,"w":0.8819404244422913},"size":10.570298194885254,"orthographic":false}