{"cameraMode":{"drawMode":0,"name":"Shaded","section":"Shading Mode"},"sceneLighting":true,"audioPlay":false,"sceneViewState":{"showFog":true,"showMaterialUpdate":true,"showSkybox":true,"showFlares":true,"showImageEffects":true,"showParticleSystems":true},"in2DMode":false,"pivot":{"x":-4.566821098327637,"y":-51.42101287841797,"z":20.363868713378908},"rotation":{"x":0.49008888006210329,"y":0.09249033778905869,"z":-0.05239269882440567,"w":0.8651674389839172},"size":253.7222137451172,"orthographic":false}