{"cameraMode":{"drawMode":2,"name":"Shaded Wireframe","section":"Shading Mode"},"sceneLighting":false,"audioPlay":false,"sceneViewState":{"showFog":true,"showMaterialUpdate":true,"showSkybox":false,"showFlares":true,"showImageEffects":true,"showParticleSystems":true},"in2DMode":false,"pivot":{"x":-0.010952431708574295,"y":0.9666808843612671,"z":0.04904457926750183},"rotation":{"x":-0.014487986452877522,"y":-0.9855074286460877,"z":0.1221332773566246,"w":-0.11704882234334946},"size":2.389381170272827,"orthographic":false}