{"cameraMode":{"drawMode":0,"name":"Shaded","section":"Shading Mode"},"sceneLighting":true,"audioPlay":false,"sceneViewState":{"showFog":true,"showMaterialUpdate":true,"showSkybox":true,"showFlares":true,"showImageEffects":true,"showParticleSystems":true},"in2DMode":false,"pivot":{"x":6.335416793823242,"y":-37.57045364379883,"z":35.1952018737793},"rotation":{"x":0.3051380217075348,"y":0.17858046293258668,"z":-0.058367662131786349,"w":0.9335922002792358},"size":166.85826110839845,"orthographic":false}