{"cameraMode":{"drawMode":2,"name":"Shaded Wireframe","section":"Shading Mode"},"sceneLighting":false,"audioPlay":false,"sceneViewState":{"showFog":true,"showMaterialUpdate":true,"showSkybox":false,"showFlares":true,"showImageEffects":true,"showParticleSystems":true},"in2DMode":false,"pivot":{"x":0.23198917508125306,"y":-0.18276546895503999,"z":0.10093898326158524},"rotation":{"x":0.14599500596523286,"y":0.3696705996990204,"z":-0.0589703693985939,"w":0.9157471060752869},"size":2.2578837871551515,"orthographic":false}