{"cameraMode":{"drawMode":2,"name":"Shaded Wireframe","section":"Shading Mode"},"sceneLighting":true,"audioPlay":false,"sceneViewState":{"showFog":true,"showMaterialUpdate":true,"showSkybox":true,"showFlares":true,"showImageEffects":true,"showParticleSystems":true},"in2DMode":false,"pivot":{"x":74.35945892333985,"y":-37.406490325927737,"z":53.354347229003909},"rotation":{"x":0.1807706356048584,"y":0.4541434347629547,"z":-0.0946628674864769,"w":0.8672449588775635},"size":102.05049133300781,"orthographic":false}