{"cameraMode":{"drawMode":2,"name":"Shaded Wireframe","section":"Shading Mode"},"sceneLighting":true,"audioPlay":false,"sceneViewState":{"showFog":true,"showMaterialUpdate":true,"showSkybox":true,"showFlares":true,"showImageEffects":true,"showParticleSystems":true},"in2DMode":false,"pivot":{"x":3.6776351928710939,"y":76.40666198730469,"z":3.6922826766967775},"rotation":{"x":-0.14134442806243897,"y":-0.17102868854999543,"z":0.024806570261716844,"w":-0.9747669696807861},"size":2.124187469482422,"orthographic":false}