{"cameraMode":{"drawMode":0,"name":"Shaded","section":"Shading Mode"},"sceneLighting":true,"audioPlay":false,"sceneViewState":{"showFog":true,"showMaterialUpdate":true,"showSkybox":true,"showFlares":true,"showImageEffects":true,"showParticleSystems":true},"in2DMode":false,"pivot":{"x":4.30084753036499,"y":1.7701237201690674,"z":3.8618781566619875},"rotation":{"x":0.20143213868141175,"y":0.3656845986843109,"z":-0.08139023929834366,"w":0.9050296545028687},"size":10.890769004821778,"orthographic":false}