{"cameraMode":{"drawMode":2,"name":"Shaded Wireframe","section":"Shading Mode"},"sceneLighting":false,"audioPlay":false,"sceneViewState":{"showFog":true,"showMaterialUpdate":true,"showSkybox":false,"showFlares":true,"showImageEffects":true,"showParticleSystems":true},"in2DMode":false,"pivot":{"x":-0.0824822261929512,"y":0.8402594923973084,"z":-1.2594685554504395},"rotation":{"x":0.04740092158317566,"y":-0.5537981986999512,"z":0.0316011905670166,"w":0.8307021260261536},"size":4.740194797515869,"orthographic":false}