{"cameraMode":{"drawMode":0,"name":"Shaded","section":"Shading Mode"},"sceneLighting":true,"audioPlay":false,"sceneViewState":{"showFog":true,"showMaterialUpdate":true,"showSkybox":true,"showFlares":true,"showImageEffects":true,"showParticleSystems":true},"in2DMode":false,"pivot":{"x":14.110040664672852,"y":-3.5336923599243166,"z":16.154956817626954},"rotation":{"x":0.06028464436531067,"y":0.353226900100708,"z":-0.022810185328125955,"w":0.9333186745643616},"size":25.682544708251954,"orthographic":false}