{"cameraMode":{"drawMode":0,"name":"Shaded","section":"Shading Mode"},"sceneLighting":true,"audioPlay":false,"sceneViewState":{"showFog":true,"showMaterialUpdate":true,"showSkybox":true,"showFlares":true,"showImageEffects":true,"showParticleSystems":true},"in2DMode":false,"pivot":{"x":35.476741790771487,"y":31.28559684753418,"z":34.12786102294922},"rotation":{"x":0.2608366906642914,"y":0.3894794285297394,"z":-0.1160135492682457,"w":0.8756776452064514},"size":98.88310241699219,"orthographic":false}