{"cameraMode":{"drawMode":2,"name":"Shaded Wireframe","section":"Shading Mode"},"sceneLighting":false,"audioPlay":false,"sceneViewState":{"showFog":true,"showMaterialUpdate":true,"showSkybox":false,"showFlares":true,"showImageEffects":true,"showParticleSystems":true},"in2DMode":false,"pivot":{"x":0.10223496705293656,"y":0.4669046700000763,"z":0.024658203125},"rotation":{"x":-0.10816340893507004,"y":0.8899999856948853,"z":-0.3420291244983673,"w":-0.2814648747444153},"size":1.7053873538970948,"orthographic":true}